Date,Open,High,Low,Close,Volume
04.05.2003 21:00:00.000,1.12354,1.12354,1.12166,1.12274,95533.0976
05.05.2003 01:00:00.000,1.12242,1.12276,1.12067,1.12126,93778.5996
05.05.2003 05:00:00.000,1.12139,1.12255,1.1203,1.12113,90924.6992
05.05.2003 09:00:00.000,1.12092,1.12331,1.12049,1.12174,91254.6992
05.05.2003 13:00:00.000,1.12194,1.129,1.1213,1.12712,308003.4083
05.05.2003 17:00:00.000,1.12718,1.13019,1.12657,1.12804,373668.293
05.05.2003 21:00:00.000,1.12798,1.13004,1.12772,1.12913,94283.7988
06.05.2003 01:00:00.000,1.12892,1.12967,1.12743,1.12855,95461.998
06.05.2003 05:00:00.000,1.12856,1.13412,1.12738,1.13381,92809.0996
06.05.2003 09:00:00.000,1.13383,1.13662,1.13188,1.13456,90255.7988
06.05.2003 13:00:00.000,1.13444,1.13646,1.13113,1.13515,310697.3984
06.05.2003 17:00:00.000,1.1354,1.1451,1.13358,1.14368,377614.6055
06.05.2003 21:00:00.000,1.14367,1.14448,1.1417,1.14274,93442.5
07.05.2003 01:00:00.000,1.14195,1.14274,1.14015,1.14191,95787.1972
07.05.2003 05:00:00.000,1.1417,1.14333,1.13902,1.13995,91030.6992
07.05.2003 09:00:00.000,1.13956,1.14258,1.13774,1.14164,89548.7012
07.05.2003 13:00:00.000,1.1415,1.14317,1.13275,1.13381,310747.6954
07.05.2003 17:00:00.000,1.13368,1.13777,1.13345,1.13677,376239.7969
07.05.2003 21:00:00.000,1.13675,1.13758,1.13418,1.13607,92655.1992
08.05.2003 01:00:00.000,1.13529,1.13623,1.13169,1.1321,98309.7012
08.05.2003 05:00:00.000,1.13155,1.13412,1.13026,1.13312,89533.6016
08.05.2003 09:00:00.000,1.13341,1.14342,1.13236,1.14334,91527.1992
08.05.2003 13:00:00.000,1.14336,1.14855,1.1424,1.1454,313726.1035
08.05.2003 17:00:00.000,1.14547,1.15092,1.14514,1.15026,373156.8946
08.05.2003 21:00:00.000,1.15002,1.15364,1.14732,1.15164,95166
09.05.2003 01:00:00.000,1.1518,1.15376,1.14828,1.15215,95812.002
09.05.2003 05:00:00.000,1.15195,1.15275,1.14769,1.15142,89085.0996
09.05.2003 09:00:00.000,1.1512,1.15335,1.14766,1.14825,92310.0976
09.05.2003 13:00:00.000,1.14835,1.15101,1.14362,1.14952,314008.8008
09.05.2003 17:00:00.000,1.14963,1.15015,1.14786,1.14907,377607
11.05.2003 21:00:00.000,1.14958,1.15751,1.14946,1.15536,93730.4004
12.05.2003 01:00:00.000,1.15548,1.15848,1.15494,1.15733,95754.8984
12.05.2003 05:00:00.000,1.15706,1.161,1.15545,1.16077,89432.2012
12.05.2003 09:00:00.000,1.16041,1.16244,1.15666,1.15876,90150.8008
12.05.2003 13:00:00.000,1.15848,1.16066,1.15362,1.15553,309338.7969
12.05.2003 17:00:00.000,1.1557,1.1573,1.15377,1.15457,378108.6992
12.05.2003 21:00:00.000,1.15427,1.15751,1.15101,1.1515,95618.9004
13.05.2003 01:00:00.000,1.15121,1.15193,1.1463,1.14968,96293.7012
13.05.2003 05:00:00.000,1.14979,1.15558,1.1474,1.14958,88351.498
13.05.2003 09:00:00.000,1.14973,1.15318,1.14916,1.15263,92453.4004
13.05.2003 13:00:00.000,1.15264,1.15546,1.14882,1.15002,311556.6992
13.05.2003 17:00:00.000,1.14997,1.15389,1.1497,1.1515,373457.1954
13.05.2003 21:00:00.000,1.1519,1.15388,1.15119,1.15216,92544.9004
14.05.2003 01:00:00.000,1.1516,1.1523,1.1487,1.15113,96381.1992
14.05.2003 05:00:00.000,1.15126,1.1527,1.14681,1.15223,90219.6016
14.05.2003 09:00:00.000,1.15241,1.15336,1.14761,1.14919,90573.7012
14.05.2003 13:00:00.000,1.14941,1.15182,1.14726,1.14972,310483.1035
14.05.2003 17:00:00.000,1.14993,1.15277,1.14921,1.1497,373698.8047
14.05.2003 21:00:00.000,1.14983,1.14988,1.14681,1.14713,92479.4004
15.05.2003 01:00:00.000,1.14727,1.1488,1.1421,1.14456,93187.1992
15.05.2003 05:00:00.000,1.14444,1.14643,1.14263,1.14583,90667.498
15.05.2003 09:00:00.000,1.14611,1.14855,1.14533,1.14749,88196.2012
15.05.2003 13:00:00.000,1.14749,1.14775,1.14364,1.14567,311498.0977
15.05.2003 17:00:00.000,1.14537,1.14712,1.13757,1.13877,376066.7929
15.05.2003 21:00:00.000,1.13845,1.13953,1.13691,1.13881,95389.5
16.05.2003 01:00:00.000,1.13891,1.14147,1.13879,1.14088,98403.0996
16.05.2003 05:00:00.000,1.1409,1.14142,1.13832,1.1406,91692
16.05.2003 09:00:00.000,1.14067,1.14863,1.14005,1.1481,90073.0996
16.05.2003 13:00:00.000,1.14819,1.15567,1.14814,1.15443,310782.9043
16.05.2003 17:00:00.000,1.15433,1.15786,1.15273,1.15735,373743.0937
18.05.2003 21:00:00.000,1.16634,1.16851,1.16287,1.16688,95141.9004
19.05.2003 01:00:00.000,1.16689,1.17088,1.1656,1.16944,97433.7988
19.05.2003 05:00:00.000,1.16916,1.17128,1.16656,1.16904,88445.5
19.05.2003 09:00:00.000,1.16947,1.17363,1.16564,1.16657,92925.0996
19.05.2003 13:00:00.000,1.16618,1.17042,1.16294,1.1684,308486.5996
19.05.2003 17:00:00.000,1.16847,1.16958,1.16215,1.16596,371953.6915
19.05.2003 21:00:00.000,1.1659,1.1662,1.16249,1.16309,92872.7988
20.05.2003 01:00:00.000,1.16312,1.16657,1.16289,1.16517,96400.7988
20.05.2003 05:00:00.000,1.16515,1.16818,1.16119,1.16176,89094
20.05.2003 09:00:00.000,1.16179,1.1667,1.16013,1.16434,92954.0996
20.05.2003 13:00:00.000,1.1643,1.1698,1.16304,1.16859,314554.0079
20.05.2003 17:00:00.000,1.16876,1.17156,1.16764,1.17069,373909.6055
20.05.2003 21:00:00.000,1.17059,1.17453,1.16976,1.17225,93439
21.05.2003 01:00:00.000,1.17204,1.17287,1.17104,1.17167,94478.8008
21.05.2003 05:00:00.000,1.1714,1.17295,1.1699,1.17148,91076.7988
21.05.2003 09:00:00.000,1.1713,1.17243,1.16754,1.16859,91135.4004
21.05.2003 13:00:00.000,1.16835,1.17405,1.16617,1.17058,306601.0039
21.05.2003 17:00:00.000,1.1707,1.17178,1.16661,1.16746,373083.8047
21.05.2003 21:00:00.000,1.16724,1.16813,1.16244,1.16541,94816.8008
22.05.2003 01:00:00.000,1.16531,1.16592,1.16237,1.16426,94609.8008
22.05.2003 05:00:00.000,1.16439,1.16548,1.16192,1.16458,88648.5996
22.05.2003 09:00:00.000,1.16517,1.17179,1.16496,1.17167,90969
22.05.2003 13:00:00.000,1.17172,1.17276,1.16716,1.16982,305149.1934
22.05.2003 17:00:00.000,1.16975,1.17233,1.1684,1.16938,368992.9024
22.05.2003 21:00:00.000,1.16947,1.17061,1.16741,1.16802,94849.3008
23.05.2003 01:00:00.000,1.16784,1.16931,1.16648,1.16772,93769.0996
23.05.2003 05:00:00.000,1.16742,1.17178,1.16654,1.17131,89516.2988
23.05.2003 09:00:00.000,1.17189,1.18083,1.17144,1.17905,90995.7012
23.05.2003 13:00:00.000,1.17904,1.17987,1.17691,1.17819,309030.1953
23.05.2003 17:00:00.000,1.17858,1.18373,1.17845,1.18266,372048.5976
25.05.2003 21:00:00.000,1.1827,1.18348,1.18102,1.18139,94487.0996
26.05.2003 01:00:00.000,1.18123,1.18221,1.18045,1.18178,97504.1016
26.05.2003 05:00:00.000,1.18182,1.18287,1.17972,1.18073,88121.8008
26.05.2003 09:00:00.000,1.1809,1.1823,1.18053,1.1811,91488.5
26.05.2003 13:00:00.000,1.18104,1.18691,1.18067,1.18613,306960.3008
26.05.2003 17:00:00.000,1.18583,1.18754,1.1857,1.1869,374184.1992
26.05.2003 21:00:00.000,1.1867,1.18757,1.18452,1.1862,92791.7012
27.05.2003 01:00:00.000,1.18646,1.18989,1.18624,1.18871,95837.7988
27.05.2003 05:00:00.000,1.1888,1.19077,1.18176,1.18807,90722.8008
27.05.2003 09:00:00.000,1.18831,1.19233,1.18792,1.1897,94416.5996
27.05.2003 13:00:00.000,1.18944,1.193,1.18494,1.18534,308324.498
27.05.2003 17:00:00.000,1.18527,1.1876,1.18249,1.18288,375595.5
27.05.2003 21:00:00.000,1.18261,1.1829,1.18086,1.18116,95058.2012
28.05.2003 01:00:00.000,1.18155,1.18422,1.18116,1.18322,94809.0996
28.05.2003 05:00:00.000,1.1835,1.18453,1.17619,1.17695,91838.0996
28.05.2003 09:00:00.000,1.17702,1.17977,1.17047,1.172,90089
28.05.2003 13:00:00.000,1.17207,1.17765,1.17099,1.17427,314511.795
28.05.2003 17:00:00.000,1.17404,1.1781,1.17209,1.17649,373941.496
28.05.2003 21:00:00.000,1.17657,1.17703,1.17408,1.1754,93069.0996
29.05.2003 01:00:00.000,1.17548,1.17698,1.1732,1.17423,93883.8008
29.05.2003 05:00:00.000,1.17424,1.17695,1.17024,1.17036,89701.1992
29.05.2003 09:00:00.000,1.17067,1.17774,1.16917,1.17606,91591.9004
29.05.2003 13:00:00.000,1.17634,1.18458,1.17407,1.1825,307693.9023
29.05.2003 17:00:00.000,1.1834,1.19008,1.18271,1.18833,369965.0977
29.05.2003 21:00:00.000,1.18827,1.19158,1.18796,1.18828,94757.6992
30.05.2003 01:00:00.000,1.18804,1.1895,1.18674,1.18734,95444.998
30.05.2003 05:00:00.000,1.18751,1.18927,1.18433,1.18536,89643.8984
30.05.2003 09:00:00.000,1.18478,1.18556,1.18154,1.18272,91470.5976
30.05.2003 13:00:00.000,1.18243,1.18342,1.17439,1.1762,312367.1992
30.05.2003 17:00:00.000,1.17632,1.17932,1.17558,1.17691,373578.8984
31.05.2003 21:00:00.000,1.17691,1.17825,1.17691,1.17825,0
01.06.2003 21:00:00.000,1.17149,1.17476,1.17073,1.17229,96344.5
02.06.2003 01:00:00.000,1.1722,1.173,1.16524,1.16748,94696.5
02.06.2003 05:00:00.000,1.16764,1.17545,1.16649,1.16841,87726.3008
02.06.2003 09:00:00.000,1.16876,1.17196,1.16658,1.16758,92470.5
02.06.2003 13:00:00.000,1.16735,1.17463,1.16592,1.17402,309753.0977
02.06.2003 17:00:00.000,1.1742,1.17672,1.17394,1.17473,284527.4024
02.06.2003 21:00:00.000,1.17496,1.17686,1.17354,1.17418,92399.4004
03.06.2003 01:00:00.000,1.17397,1.17617,1.1725,1.17552,94262.1016
03.06.2003 05:00:00.000,1.17561,1.17783,1.17428,1.17714,90317.7988
03.06.2003 09:00:00.000,1.17685,1.17751,1.1711,1.1725,90283.0996
03.06.2003 13:00:00.000,1.17228,1.17491,1.16875,1.16998,313103.0977
03.06.2003 17:00:00.000,1.1701,1.17551,1.16976,1.17391,371493.1055
03.06.2003 21:00:00.000,1.17365,1.17449,1.17173,1.17232,92443.8008
04.06.2003 01:00:00.000,1.17235,1.17371,1.17116,1.17247,97601.1992
04.06.2003 05:00:00.000,1.17284,1.17473,1.17082,1.17373,90039.9004
04.06.2003 09:00:00.000,1.17343,1.17426,1.16904,1.17039,89027.1992
04.06.2003 13:00:00.000,1.17032,1.17261,1.16696,1.17053,312423.5039
04.06.2003 17:00:00.000,1.17063,1.17125,1.16619,1.16645,379512.9064
04.06.2003 21:00:00.000,1.16635,1.16639,1.16325,1.16468,92719.2012
05.06.2003 01:00:00.000,1.1646,1.16602,1.16287,1.16531,94807.9004
05.06.2003 05:00:00.000,1.16571,1.16748,1.16428,1.16646,87774.7012
05.06.2003 09:00:00.000,1.1664,1.17398,1.16582,1.17341,91357.4004
05.06.2003 13:00:00.000,1.17417,1.1886,1.17335,1.18692,309839.1992
05.06.2003 17:00:00.000,1.18658,1.18771,1.18327,1.18405,375063.1015
05.06.2003 21:00:00.000,1.18389,1.18531,1.18313,1.18342,95687
06.06.2003 01:00:00.000,1.18341,1.18576,1.18295,1.18484,99047.9004
06.06.2003 05:00:00.000,1.18487,1.18579,1.18179,1.18319,87714.7988
06.06.2003 09:00:00.000,1.18336,1.18785,1.18168,1.18172,90740.2988
06.06.2003 13:00:00.000,1.18136,1.18205,1.16843,1.16932,311258.5977
06.06.2003 17:00:00.000,1.1692,1.17328,1.16875,1.17001,373126.1992
08.06.2003 21:00:00.000,1.1694,1.17118,1.16884,1.17032,94596.8008
09.06.2003 01:00:00.000,1.1697,1.17101,1.16564,1.17041,98592.5
09.06.2003 05:00:00.000,1.17051,1.17111,1.16689,1.16785,90792.9004
09.06.2003 09:00:00.000,1.16839,1.1742,1.16805,1.17224,91980.6992
09.06.2003 13:00:00.000,1.17317,1.17859,1.1719,1.17399,310569.5
09.06.2003 17:00:00.000,1.1736,1.17586,1.1715,1.17161,375790.8008
09.06.2003 21:00:00.000,1.17146,1.17224,1.17059,1.17111,92113.0996
10.06.2003 01:00:00.000,1.17125,1.17382,1.17076,1.17227,95671.7988
10.06.2003 05:00:00.000,1.17223,1.17415,1.16979,1.17057,89711.1992
10.06.2003 09:00:00.000,1.17029,1.17279,1.16926,1.17109,90068.502
10.06.2003 13:00:00.000,1.17073,1.17145,1.16704,1.16831,310043.1953
10.06.2003 17:00:00.000,1.16827,1.17031,1.16704,1.16759,377453.5039
10.06.2003 21:00:00.000,1.16746,1.16829,1.16656,1.16708,93400.4004
11.06.2003 01:00:00.000,1.16692,1.1686,1.16581,1.16754,97758.2988
11.06.2003 05:00:00.000,1.16804,1.17336,1.1677,1.17029,91495.5976
11.06.2003 09:00:00.000,1.17042,1.17626,1.17002,1.1753,90309.4004
11.06.2003 13:00:00.000,1.17528,1.1782,1.17403,1.17637,315221.6934
11.06.2003 17:00:00.000,1.17606,1.17668,1.17397,1.17421,380817.6016
11.06.2003 21:00:00.000,1.17429,1.17634,1.17328,1.17542,97006.9004
12.06.2003 01:00:00.000,1.17503,1.17662,1.17417,1.17603,97276.8008
12.06.2003 05:00:00.000,1.17585,1.18032,1.17507,1.18002,91998.7988
12.06.2003 09:00:00.000,1.17994,1.18058,1.17325,1.1746,90802.1016
12.06.2003 13:00:00.000,1.17451,1.17753,1.17036,1.17651,313587.1934
12.06.2003 17:00:00.000,1.17672,1.17753,1.17489,1.17638,375864.3009
12.06.2003 21:00:00.000,1.17652,1.17749,1.17586,1.17716,96323.7988
13.06.2003 01:00:00.000,1.17641,1.17697,1.17533,1.17599,96005.8008
13.06.2003 05:00:00.000,1.17579,1.17807,1.17579,1.177,88456.1016
13.06.2003 09:00:00.000,1.17706,1.17979,1.17361,1.17518,90012.8984
13.06.2003 13:00:00.000,1.1753,1.1832,1.17354,1.18232,309432.9023
13.06.2003 17:00:00.000,1.18284,1.18774,1.18239,1.1863,371238.8046
15.06.2003 21:00:00.000,1.18694,1.18853,1.18641,1.18763,96445.9004
16.06.2003 01:00:00.000,1.18752,1.18998,1.18691,1.18736,95378.6992
16.06.2003 05:00:00.000,1.18728,1.19263,1.18589,1.19188,91775.3008
16.06.2003 09:00:00.000,1.19243,1.19278,1.18619,1.18738,90576
16.06.2003 13:00:00.000,1.18695,1.18739,1.18274,1.18412,308948.1055
16.06.2003 17:00:00.000,1.18371,1.18497,1.18208,1.18356,373170.2969
16.06.2003 21:00:00.000,1.18386,1.18386,1.18135,1.18263,93848.8984
17.06.2003 01:00:00.000,1.1827,1.18467,1.1822,1.18438,96526.1992
17.06.2003 05:00:00.000,1.18448,1.18662,1.18209,1.18326,91017.3984
17.06.2003 09:00:00.000,1.18299,1.1855,1.17875,1.17881,91345
17.06.2003 13:00:00.000,1.17906,1.18237,1.17684,1.1809,315372.293
17.06.2003 17:00:00.000,1.18115,1.18225,1.17868,1.17937,376472.7032
17.06.2003 21:00:00.000,1.17914,1.17957,1.17748,1.17818,95448.0996
18.06.2003 01:00:00.000,1.17825,1.18039,1.17734,1.17929,97582.8984
18.06.2003 05:00:00.000,1.17936,1.18004,1.17394,1.17624,89582.3008
18.06.2003 09:00:00.000,1.17601,1.17651,1.16924,1.17017,90559.1992
18.06.2003 13:00:00.000,1.17016,1.17278,1.16824,1.17068,309802.6993
18.06.2003 17:00:00.000,1.17071,1.17095,1.16611,1.16883,373792
18.06.2003 21:00:00.000,1.1684,1.1695,1.16757,1.16818,97275.1992
19.06.2003 01:00:00.000,1.16789,1.16848,1.15836,1.16146,95267.3984
19.06.2003 05:00:00.000,1.16166,1.16421,1.1608,1.16186,88320.2988
19.06.2003 09:00:00.000,1.16182,1.16751,1.16119,1.16598,91094.5
19.06.2003 13:00:00.000,1.1661,1.16994,1.16266,1.16805,310370.9063
19.06.2003 17:00:00.000,1.16796,1.17387,1.1677,1.17203,378463.5079
19.06.2003 21:00:00.000,1.172,1.17281,1.16982,1.17076,93825.498
20.06.2003 01:00:00.000,1.17064,1.17347,1.17064,1.17232,97234.2012
20.06.2003 05:00:00.000,1.17241,1.17241,1.16757,1.16906,91587.6992
20.06.2003 09:00:00.000,1.16902,1.16979,1.16376,1.16539,92162.498
20.06.2003 13:00:00.000,1.16534,1.16573,1.16005,1.16138,309180.1055
20.06.2003 17:00:00.000,1.16114,1.16155,1.15511,1.1604,375177.7968
22.06.2003 21:00:00.000,1.16025,1.16025,1.15722,1.15806,94387.2012
23.06.2003 01:00:00.000,1.15824,1.15946,1.1542,1.15898,100623.7988
23.06.2003 05:00:00.000,1.15898,1.15945,1.15589,1.15874,88942.2012
23.06.2003 09:00:00.000,1.15868,1.16033,1.15204,1.15424,89964.0996
23.06.2003 13:00:00.000,1.15423,1.15561,1.15081,1.15452,310059.0039
23.06.2003 17:00:00.000,1.15441,1.15741,1.15365,1.15429,376193.8985
23.06.2003 21:00:00.000,1.15444,1.15642,1.15391,1.15442,93060.7988
24.06.2003 01:00:00.000,1.15446,1.15581,1.15399,1.1552,98988.8008
24.06.2003 05:00:00.000,1.15518,1.15636,1.15324,1.15417,88403.502
24.06.2003 09:00:00.000,1.15429,1.15811,1.15377,1.15743,90162.0996
24.06.2003 13:00:00.000,1.15723,1.1577,1.14927,1.14956,311871.3965
24.06.2003 17:00:00.000,1.14952,1.15171,1.14766,1.15171,372860.9024
24.06.2003 21:00:00.000,1.15188,1.15188,1.14913,1.15028,93895.0996
25.06.2003 01:00:00.000,1.15007,1.15196,1.14953,1.1516,98128.8008
25.06.2003 05:00:00.000,1.15164,1.15253,1.14955,1.15201,89567.3984
25.06.2003 09:00:00.000,1.15218,1.15459,1.15084,1.15371,91182
25.06.2003 13:00:00.000,1.15371,1.15925,1.15354,1.15879,311415.1016
25.06.2003 17:00:00.000,1.15919,1.16215,1.15173,1.15398,370251.2969
25.06.2003 21:00:00.000,1.15449,1.15523,1.15208,1.15354,94402.5
26.06.2003 01:00:00.000,1.15346,1.15434,1.15169,1.15364,94609
26.06.2003 05:00:00.000,1.15358,1.15368,1.14833,1.15101,89708.3008
26.06.2003 09:00:00.000,1.15074,1.15087,1.14338,1.14404,91297.8008
26.06.2003 13:00:00.000,1.14374,1.14567,1.142,1.14292,305747.293
26.06.2003 17:00:00.000,1.14292,1.14531,1.1414,1.14181,377294.8985
26.06.2003 21:00:00.000,1.14215,1.14291,1.1412,1.14257,95276.5996
27.06.2003 01:00:00.000,1.14252,1.14533,1.14219,1.14486,97341.002
27.06.2003 05:00:00.000,1.14492,1.14545,1.1406,1.14144,90524.8008
27.06.2003 09:00:00.000,1.14116,1.14405,1.1402,1.14228,90671.2012
27.06.2003 13:00:00.000,1.14226,1.14675,1.13994,1.14177,310647.0996
27.06.2003 17:00:00.000,1.14237,1.14324,1.14074,1.14254,370356.6992
29.06.2003 21:00:00.000,1.14308,1.14382,1.14099,1.14153,93814.5996
30.06.2003 01:00:00.000,1.14168,1.14412,1.14141,1.14344,96419.8984
30.06.2003 05:00:00.000,1.14355,1.146,1.14238,1.14553,85787.1992
30.06.2003 09:00:00.000,1.14504,1.14581,1.13974,1.14277,90195.3008
30.06.2003 13:00:00.000,1.14278,1.15018,1.14209,1.14994,308576.4063
30.06.2003 17:00:00.000,1.15014,1.15141,1.14719,1.15116,373270.703
30.06.2003 21:00:00.000,1.15154,1.15336,1.15025,1.15185,93724.5996
01.07.2003 01:00:00.000,1.15214,1.15408,1.15094,1.15136,96315
01.07.2003 05:00:00.000,1.15142,1.15493,1.15056,1.1537,93260.7012
01.07.2003 09:00:00.000,1.15376,1.15672,1.15243,1.15456,90695.1972
01.07.2003 13:00:00.000,1.15423,1.16079,1.15261,1.15772,305286.4981
01.07.2003 17:00:00.000,1.1579,1.15872,1.15549,1.15608,373451
01.07.2003 21:00:00.000,1.15619,1.15684,1.1554,1.15545,92759.5
02.07.2003 01:00:00.000,1.15525,1.15573,1.15396,1.15498,92156.1992
02.07.2003 05:00:00.000,1.15458,1.15624,1.15243,1.15338,90669.9004
02.07.2003 09:00:00.000,1.1532,1.15537,1.15256,1.15321,90857.0996
02.07.2003 13:00:00.000,1.15315,1.15511,1.15049,1.15237,309479.7969
02.07.2003 17:00:00.000,1.15224,1.15447,1.15083,1.15396,375853.0039
02.07.2003 21:00:00.000,1.15415,1.15443,1.15215,1.15272,95989.4004
03.07.2003 01:00:00.000,1.15264,1.15292,1.15134,1.15197,97849.9004
03.07.2003 05:00:00.000,1.15194,1.1529,1.14715,1.14754,93500.8984
03.07.2003 09:00:00.000,1.14683,1.14773,1.14326,1.14537,93425.8008
03.07.2003 13:00:00.000,1.14537,1.15397,1.14474,1.15029,309561.9961
03.07.2003 17:00:00.000,1.15018,1.15067,1.14738,1.14945,379440.3985
03.07.2003 21:00:00.000,1.14935,1.15019,1.14787,1.14829,96655.6992
04.07.2003 01:00:00.000,1.14787,1.14825,1.14615,1.14684,96218.7988
04.07.2003 05:00:00.000,1.14683,1.14796,1.14566,1.14741,89106.3984
04.07.2003 09:00:00.000,1.14773,1.14885,1.14571,1.14583,93412
04.07.2003 13:00:00.000,1.14582,1.14907,1.14472,1.14894,309361.7051
04.07.2003 17:00:00.000,1.14902,1.14943,1.1483,1.14892,369028.9023
06.07.2003 21:00:00.000,1.1487,1.149,1.14583,1.1468,98004.7988
07.07.2003 01:00:00.000,1.14684,1.14707,1.1452,1.14566,94404.7012
07.07.2003 05:00:00.000,1.14526,1.14653,1.14099,1.14119,89612.002
07.07.2003 09:00:00.000,1.14131,1.1428,1.13498,1.13629,92117.9004
07.07.2003 13:00:00.000,1.13622,1.13664,1.13288,1.13409,307113.9004
07.07.2003 17:00:00.000,1.1339,1.13418,1.13132,1.13252,376872.7969
07.07.2003 21:00:00.000,1.13247,1.13297,1.13097,1.13237,95938.0996
08.07.2003 01:00:00.000,1.13224,1.13262,1.13077,1.13232,94942
08.07.2003 05:00:00.000,1.13221,1.13474,1.131,1.13152,91479.8984
08.07.2003 09:00:00.000,1.13146,1.13192,1.12641,1.13161,90902.4004
08.07.2003 13:00:00.000,1.13165,1.13508,1.12611,1.12641,315466.6953
08.07.2003 17:00:00.000,1.12636,1.13177,1.12587,1.13151,374345.7032
08.07.2003 21:00:00.000,1.13177,1.13236,1.13052,1.13118,94794.1016
09.07.2003 01:00:00.000,1.13127,1.13304,1.13047,1.13194,97904.5996
09.07.2003 05:00:00.000,1.13172,1.13396,1.13113,1.13253,89463.7988
09.07.2003 09:00:00.000,1.13222,1.13667,1.13186,1.13517,91545.5996
09.07.2003 13:00:00.000,1.13488,1.13604,1.1309,1.13115,310423.2988
09.07.2003 17:00:00.000,1.13212,1.13548,1.13124,1.13481,371747.5
09.07.2003 21:00:00.000,1.13479,1.13598,1.13308,1.13347,95886
10.07.2003 01:00:00.000,1.13319,1.13554,1.1314,1.13348,96971.1016
10.07.2003 05:00:00.000,1.13323,1.13642,1.1329,1.13573,90439.7012
10.07.2003 09:00:00.000,1.13547,1.13574,1.13098,1.13419,92830.9004
10.07.2003 13:00:00.000,1.13417,1.13907,1.13213,1.13873,314469.8965
10.07.2003 17:00:00.000,1.13855,1.13924,1.137,1.13891,377151.2929
10.07.2003 21:00:00.000,1.13877,1.13908,1.13377,1.13504,94614.3008
11.07.2003 01:00:00.000,1.13499,1.13531,1.12972,1.13104,97651
11.07.2003 05:00:00.000,1.13151,1.13369,1.13106,1.13331,91907.9004
11.07.2003 09:00:00.000,1.13341,1.13461,1.13006,1.13014,90921.3984
11.07.2003 13:00:00.000,1.12978,1.13194,1.12759,1.13043,308391.5977
11.07.2003 17:00:00.000,1.13019,1.13202,1.12943,1.1299,374620.3008
13.07.2003 21:00:00.000,1.12934,1.1298,1.12646,1.12745,95982.7012
14.07.2003 01:00:00.000,1.12737,1.12829,1.12632,1.12696,95489
14.07.2003 05:00:00.000,1.12693,1.12822,1.12426,1.12641,87542.2988
14.07.2003 09:00:00.000,1.12646,1.13066,1.12521,1.12968,88679.9004
14.07.2003 13:00:00.000,1.12935,1.1308,1.12731,1.12967,307066.4961
14.07.2003 17:00:00.000,1.12959,1.12993,1.12667,1.12779,371492.8008
14.07.2003 21:00:00.000,1.12777,1.12885,1.12688,1.12727,94809.8008
15.07.2003 01:00:00.000,1.12732,1.1277,1.12522,1.12537,95932.3008
15.07.2003 05:00:00.000,1.1256,1.12983,1.1254,1.12832,91750.5
15.07.2003 09:00:00.000,1.12831,1.13369,1.12729,1.13237,89989.9004
15.07.2003 13:00:00.000,1.13203,1.13337,1.12258,1.12323,307090.2051
15.07.2003 17:00:00.000,1.12244,1.12341,1.1156,1.11858,372405.8985
15.07.2003 21:00:00.000,1.11845,1.11876,1.11306,1.11341,94189.3984
16.07.2003 01:00:00.000,1.11307,1.11549,1.11123,1.11482,97283.498
16.07.2003 05:00:00.000,1.11501,1.11743,1.11218,1.11294,91554.7988
16.07.2003 09:00:00.000,1.11263,1.11667,1.11238,1.11375,90177.3984
16.07.2003 13:00:00.000,1.11347,1.12197,1.11246,1.12074,308716.3984
16.07.2003 17:00:00.000,1.12094,1.12315,1.11817,1.12068,377655.7969
16.07.2003 21:00:00.000,1.12119,1.12335,1.12038,1.12175,95384.3008
17.07.2003 01:00:00.000,1.12138,1.12282,1.1202,1.12175,98052.3984
17.07.2003 05:00:00.000,1.12205,1.1238,1.12042,1.12343,92182.4004
17.07.2003 09:00:00.000,1.12309,1.12488,1.12191,1.124,93025
17.07.2003 13:00:00.000,1.12402,1.12447,1.11562,1.11634,312928.8985
17.07.2003 17:00:00.000,1.11622,1.12247,1.11583,1.12079,371347.1991
17.07.2003 21:00:00.000,1.12045,1.12663,1.11967,1.12373,94793.5
18.07.2003 01:00:00.000,1.12366,1.1244,1.12167,1.12346,97233.6992
18.07.2003 05:00:00.000,1.12342,1.1244,1.12212,1.1224,90494.2988
18.07.2003 09:00:00.000,1.12226,1.12273,1.11795,1.11902,90576.8008
18.07.2003 13:00:00.000,1.1188,1.12377,1.11717,1.1236,309210.0977
18.07.2003 17:00:00.000,1.12411,1.13032,1.12304,1.12746,375570.8984
20.07.2003 21:00:00.000,1.12685,1.12685,1.12411,1.12621,96990.0976
21.07.2003 01:00:00.000,1.126,1.12944,1.12576,1.12863,98372.6016
21.07.2003 05:00:00.000,1.12834,1.12891,1.12552,1.12628,91236.4004
21.07.2003 09:00:00.000,1.12606,1.12997,1.12593,1.12729,92058.1992
21.07.2003 13:00:00.000,1.12694,1.13439,1.12642,1.13377,306499.7949
21.07.2003 17:00:00.000,1.13411,1.13546,1.13201,1.13495,375294.1953
21.07.2003 21:00:00.000,1.13461,1.1357,1.1328,1.13398,95935.2012
22.07.2003 01:00:00.000,1.13375,1.13385,1.13058,1.13205,96001
22.07.2003 05:00:00.000,1.1322,1.13521,1.13132,1.13491,89271.5996
22.07.2003 09:00:00.000,1.13543,1.13734,1.13458,1.13494,90525.9004
22.07.2003 13:00:00.000,1.13478,1.13672,1.13186,1.13254,291348.2012
22.07.2003 17:00:00.000,1.13237,1.13454,1.13135,1.13315,374962.0001
22.07.2003 21:00:00.000,1.13267,1.13344,1.13139,1.13199,94445.5
23.07.2003 01:00:00.000,1.13201,1.13576,1.13198,1.1352,98712.4004
23.07.2003 05:00:00.000,1.13521,1.1389,1.13499,1.13869,90229.2988
23.07.2003 09:00:00.000,1.13862,1.14158,1.13709,1.14131,91409.2988
23.07.2003 13:00:00.000,1.14116,1.14898,1.13953,1.1481,314222.4942
23.07.2003 17:00:00.000,1.14837,1.14892,1.14605,1.14754,378649.3945
23.07.2003 21:00:00.000,1.14835,1.14926,1.14723,1.14815,92433.7012
24.07.2003 01:00:00.000,1.14829,1.14848,1.14654,1.1478,96319.7012
24.07.2003 05:00:00.000,1.14757,1.15101,1.14704,1.15054,92936.6992
24.07.2003 09:00:00.000,1.15059,1.15088,1.14691,1.1472,88978.0996
24.07.2003 13:00:00.000,1.14688,1.14855,1.14233,1.144,313818.7969
24.07.2003 17:00:00.000,1.14368,1.14734,1.14267,1.14695,369853.1914
24.07.2003 21:00:00.000,1.14749,1.14783,1.14587,1.14606,93794.7012
25.07.2003 01:00:00.000,1.14604,1.14732,1.14545,1.1462,94619.8008
25.07.2003 05:00:00.000,1.14629,1.15032,1.14452,1.14916,88804.498
25.07.2003 09:00:00.000,1.14903,1.15041,1.14659,1.14833,93491.3008
25.07.2003 13:00:00.000,1.14835,1.15487,1.14439,1.15124,309665.3965
25.07.2003 17:00:00.000,1.1509,1.15245,1.15002,1.15079,375640.2968
27.07.2003 21:00:00.000,1.15084,1.15134,1.14734,1.14884,95672.6016
28.07.2003 01:00:00.000,1.14866,1.14956,1.14641,1.14728,98027.9004
28.07.2003 05:00:00.000,1.14752,1.15174,1.14551,1.1513,88549.3008
28.07.2003 09:00:00.000,1.15146,1.15182,1.14515,1.14838,90155.6992
28.07.2003 13:00:00.000,1.1484,1.15155,1.14713,1.15048,311435.5918
28.07.2003 17:00:00.000,1.15043,1.15111,1.14855,1.14909,372065.5976
28.07.2003 21:00:00.000,1.14947,1.14992,1.14816,1.14881,93673.9004
29.07.2003 01:00:00.000,1.14868,1.15075,1.14782,1.15031,95201.8984
29.07.2003 05:00:00.000,1.1504,1.1533,1.14961,1.15122,91555.6016
29.07.2003 09:00:00.000,1.15104,1.15141,1.14612,1.1474,94540.998
29.07.2003 13:00:00.000,1.14687,1.1538,1.1451,1.1467,307067.0938
29.07.2003 17:00:00.000,1.14652,1.14883,1.1454,1.14589,371685.2969
29.07.2003 21:00:00.000,1.14572,1.1461,1.14282,1.14427,94085.8008
30.07.2003 01:00:00.000,1.14438,1.14516,1.14375,1.14399,95335.5
30.07.2003 05:00:00.000,1.14383,1.14447,1.14244,1.14413,89896.8008
30.07.2003 09:00:00.000,1.14396,1.14484,1.13974,1.14082,91338.4004
30.07.2003 13:00:00.000,1.14049,1.14167,1.13512,1.13664,308730.6934
30.07.2003 17:00:00.000,1.1367,1.1379,1.13352,1.13426,378641.8985
30.07.2003 21:00:00.000,1.13437,1.13713,1.13376,1.13437,95205.1016
31.07.2003 01:00:00.000,1.13419,1.13617,1.13319,1.13384,96391.0996
31.07.2003 05:00:00.000,1.13336,1.13447,1.1316,1.13269,91056.5996
31.07.2003 09:00:00.000,1.13262,1.13358,1.12873,1.13094,90770
31.07.2003 13:00:00.000,1.13088,1.13317,1.12237,1.12331,310819.3067
31.07.2003 17:00:00.000,1.12323,1.12473,1.12252,1.12428,379065.004
31.07.2003 21:00:00.000,1.1242,1.1245,1.12256,1.12341,92534.7988
01.08.2003 01:00:00.000,1.12303,1.12437,1.12226,1.12364,95033.3984
01.08.2003 05:00:00.000,1.12297,1.12338,1.11348,1.11525,89844.9004
01.08.2003 09:00:00.000,1.1155,1.12129,1.11479,1.11794,90526.7988
01.08.2003 13:00:00.000,1.11789,1.12716,1.1175,1.12536,314279.9981
01.08.2003 17:00:00.000,1.12495,1.12565,1.1239,1.12541,322762.9063
03.08.2003 21:00:00.000,1.12843,1.12867,1.12618,1.12661,95613.1992
04.08.2003 01:00:00.000,1.12653,1.12777,1.12581,1.12712,96542.7012
04.08.2003 05:00:00.000,1.12732,1.13135,1.12597,1.1303,88190
04.08.2003 09:00:00.000,1.1301,1.1318,1.12909,1.13027,89909.1016
04.08.2003 13:00:00.000,1.13045,1.13749,1.12973,1.13653,307598.3047
04.08.2003 17:00:00.000,1.13653,1.13659,1.13405,1.1357,376632.7969
04.08.2003 21:00:00.000,1.13613,1.13643,1.13403,1.13432,93931.4004
05.08.2003 01:00:00.000,1.13432,1.13625,1.13432,1.13544,95080.0996
05.08.2003 05:00:00.000,1.13575,1.13789,1.13444,1.13542,92477.5996
05.08.2003 09:00:00.000,1.13504,1.13522,1.13086,1.13154,89811.0996
05.08.2003 13:00:00.000,1.13154,1.13572,1.13064,1.13376,314699.7969
05.08.2003 17:00:00.000,1.13375,1.13976,1.1335,1.13893,370417.9961
05.08.2003 21:00:00.000,1.13867,1.13979,1.13803,1.13846,93856.7012
06.08.2003 01:00:00.000,1.13849,1.141,1.13838,1.14067,98670.5
06.08.2003 05:00:00.000,1.14068,1.14265,1.13922,1.14005,91672.7988
06.08.2003 09:00:00.000,1.13976,1.14075,1.13608,1.13634,91044.2012
06.08.2003 13:00:00.000,1.13643,1.13936,1.13533,1.13703,309163.0957
06.08.2003 17:00:00.000,1.13699,1.13722,1.13254,1.13321,376644.5
06.08.2003 21:00:00.000,1.13315,1.13467,1.13287,1.13343,94584
07.08.2003 01:00:00.000,1.13355,1.13408,1.13233,1.13342,93398.5
07.08.2003 05:00:00.000,1.13363,1.13556,1.13183,1.1346,89226.0996
07.08.2003 09:00:00.000,1.13446,1.13759,1.13429,1.13602,92214.5
07.08.2003 13:00:00.000,1.13629,1.1415,1.13576,1.13824,307506.1973
07.08.2003 17:00:00.000,1.13806,1.13877,1.13617,1.13732,373646.1094
07.08.2003 21:00:00.000,1.13716,1.13838,1.13586,1.13606,96236.502
08.08.2003 01:00:00.000,1.13641,1.13678,1.13501,1.13587,95202.6992
08.08.2003 05:00:00.000,1.13588,1.13784,1.1327,1.13314,88759.2988
08.08.2003 09:00:00.000,1.13292,1.13565,1.13043,1.13142,93179.498
08.08.2003 13:00:00.000,1.13149,1.13472,1.12866,1.13028,309313.4961
08.08.2003 17:00:00.000,1.13023,1.1313,1.12901,1.13083,376592.8906
10.08.2003 21:00:00.000,1.12898,1.12904,1.12788,1.12821,24383.6992
11.08.2003 01:00:00.000,1.12828,1.12893,1.12649,1.12837,103201.4004
11.08.2003 05:00:00.000,1.1285,1.12904,1.12667,1.12754,105663.4004
11.08.2003 09:00:00.000,1.12757,1.13173,1.12628,1.1316,100388.5
11.08.2003 13:00:00.000,1.13146,1.13756,1.13124,1.13729,324819.4083
11.08.2003 17:00:00.000,1.1375,1.13798,1.13471,1.13582,377004.1016
11.08.2003 21:00:00.000,1.13588,1.13655,1.13494,1.13539,99738.3008
12.08.2003 01:00:00.000,1.13541,1.13638,1.13493,1.13549,99898.0996
12.08.2003 05:00:00.000,1.13543,1.13715,1.13462,1.13554,103292.2012
12.08.2003 09:00:00.000,1.13547,1.13554,1.12828,1.12891,101680.4004
12.08.2003 13:00:00.000,1.12915,1.13197,1.12804,1.13021,320638.1934
12.08.2003 17:00:00.000,1.13022,1.13278,1.12758,1.1283,382073.9023
12.08.2003 21:00:00.000,1.12837,1.12862,1.12614,1.12635,103716.5
13.08.2003 01:00:00.000,1.12633,1.12745,1.12497,1.12607,105566.5
13.08.2003 05:00:00.000,1.12613,1.12665,1.12189,1.1251,107253.1992
13.08.2003 09:00:00.000,1.12473,1.1286,1.12388,1.12544,102637.7988
13.08.2003 13:00:00.000,1.1255,1.13322,1.1251,1.13103,323780.7031
13.08.2003 17:00:00.000,1.1312,1.13247,1.13035,1.1322,373459.2032
13.08.2003 21:00:00.000,1.13233,1.13375,1.13067,1.13264,103168.3008
14.08.2003 01:00:00.000,1.13275,1.13323,1.13174,1.1325,98443.6016
14.08.2003 05:00:00.000,1.13246,1.13342,1.13104,1.13249,98285.7988
14.08.2003 09:00:00.000,1.13226,1.13248,1.12501,1.126,107180.6016
14.08.2003 13:00:00.000,1.12567,1.12959,1.12244,1.12332,318653.1934
14.08.2003 17:00:00.000,1.12338,1.13095,1.12279,1.12577,375577.4961
14.08.2003 21:00:00.000,1.12635,1.12963,1.12547,1.12627,103831.3008
15.08.2003 01:00:00.000,1.12617,1.12702,1.12416,1.12506,106153.7012
15.08.2003 05:00:00.000,1.12463,1.12687,1.12403,1.12584,106714.2988
15.08.2003 09:00:00.000,1.12582,1.12878,1.1244,1.12591,106636.498
15.08.2003 13:00:00.000,1.12572,1.12728,1.12451,1.12514,281803.2066
15.08.2003 17:00:00.000,1.12506,1.12684,1.12414,1.12663,375227.7969
17.08.2003 21:00:00.000,1.1249,1.1269,1.12349,1.12418,82909.9004
18.08.2003 01:00:00.000,1.12408,1.12442,1.12198,1.12262,104266.6992
18.08.2003 05:00:00.000,1.12274,1.12357,1.12156,1.12249,104831.0996
18.08.2003 09:00:00.000,1.12226,1.12294,1.11574,1.11713,107848.2988
18.08.2003 13:00:00.000,1.11699,1.11899,1.11233,1.11434,325209.7969
18.08.2003 17:00:00.000,1.11428,1.11635,1.11343,1.11428,372568.8007
18.08.2003 21:00:00.000,1.11485,1.11522,1.11304,1.11394,100214.0996
19.08.2003 01:00:00.000,1.11388,1.11408,1.11155,1.11252,102734.002
19.08.2003 05:00:00.000,1.11245,1.11293,1.10792,1.11035,104208.002
19.08.2003 09:00:00.000,1.11035,1.11171,1.10545,1.10669,103053.4004
19.08.2003 13:00:00.000,1.1066,1.1134,1.10599,1.1126,324152.9063
19.08.2003 17:00:00.000,1.1125,1.11483,1.11162,1.11392,372147.8985
19.08.2003 21:00:00.000,1.1138,1.11475,1.11141,1.11178,102129.5996
20.08.2003 01:00:00.000,1.1116,1.11166,1.10914,1.11069,106241.6992
20.08.2003 05:00:00.000,1.11071,1.11327,1.11027,1.11179,106340.998
20.08.2003 09:00:00.000,1.1117,1.11291,1.10793,1.11197,106779.8008
20.08.2003 13:00:00.000,1.11198,1.11414,1.10998,1.1109,324352.9004
20.08.2003 17:00:00.000,1.11107,1.11268,1.10954,1.11185,369071.5938
20.08.2003 21:00:00.000,1.11193,1.11226,1.10843,1.10856,100526.0996
21.08.2003 01:00:00.000,1.10855,1.10947,1.10794,1.10838,104291.1016
21.08.2003 05:00:00.000,1.10836,1.10855,1.09848,1.10026,106101.2988
21.08.2003 09:00:00.000,1.10058,1.1016,1.09756,1.0997,106006.2012
21.08.2003 13:00:00.000,1.0994,1.10083,1.09028,1.09391,324246.1954
21.08.2003 17:00:00.000,1.09381,1.09446,1.08846,1.09226,372445.3047
21.08.2003 21:00:00.000,1.09203,1.09364,1.09174,1.09204,100163.4004
22.08.2003 01:00:00.000,1.09201,1.09358,1.09194,1.09276,105029.7988
22.08.2003 05:00:00.000,1.09292,1.09456,1.08962,1.09253,106148.2012
22.08.2003 09:00:00.000,1.09252,1.09278,1.08651,1.08772,108808.8008
22.08.2003 13:00:00.000,1.08744,1.08855,1.08363,1.08805,323654.8067
22.08.2003 17:00:00.000,1.0879,1.08933,1.08714,1.08761,379413.4961
24.08.2003 21:00:00.000,1.08566,1.08736,1.08493,1.08713,100573.3008
25.08.2003 01:00:00.000,1.08714,1.08776,1.08617,1.08699,103165.4024
25.08.2003 05:00:00.000,1.08699,1.09184,1.08636,1.09061,103277.1016
25.08.2003 09:00:00.000,1.09063,1.09118,1.08806,1.08908,102902.3984
25.08.2003 13:00:00.000,1.08913,1.09149,1.08453,1.0868,324640.0059
25.08.2003 17:00:00.000,1.08682,1.08947,1.08579,1.08735,374481.4063
25.08.2003 21:00:00.000,1.0874,1.0874,1.0799,1.08332,104106.5
26.08.2003 01:00:00.000,1.08342,1.08499,1.08254,1.08423,105613.998
26.08.2003 05:00:00.000,1.08448,1.08673,1.08373,1.08573,103229.6992
26.08.2003 09:00:00.000,1.08557,1.08592,1.0793,1.08131,101537.2988
26.08.2003 13:00:00.000,1.08105,1.09066,1.08083,1.08946,324721.5938
26.08.2003 17:00:00.000,1.08942,1.09096,1.08509,1.08542,377016.5079
26.08.2003 21:00:00.000,1.08544,1.08805,1.08478,1.08606,100838.8984
27.08.2003 01:00:00.000,1.08599,1.0876,1.08313,1.08395,104005.0996
27.08.2003 05:00:00.000,1.08382,1.08931,1.0838,1.08921,105808.1016
27.08.2003 09:00:00.000,1.08883,1.09298,1.08833,1.09123,106726.7012
27.08.2003 13:00:00.000,1.09137,1.09194,1.08862,1.09009,326632.7051
27.08.2003 17:00:00.000,1.09025,1.09042,1.0865,1.0886,375893.1992
27.08.2003 21:00:00.000,1.08856,1.08882,1.08418,1.08589,102160.1992
28.08.2003 01:00:00.000,1.08575,1.08627,1.08415,1.08507,102962.5
28.08.2003 05:00:00.000,1.0849,1.08765,1.08391,1.08684,107150.5996
28.08.2003 09:00:00.000,1.08675,1.08742,1.08097,1.08399,104915.7012
28.08.2003 13:00:00.000,1.08395,1.09125,1.0839,1.08869,328538.0938
28.08.2003 17:00:00.000,1.08866,1.08911,1.0863,1.08811,371942.9024
28.08.2003 21:00:00.000,1.08843,1.08981,1.08769,1.08892,107444.5
29.08.2003 01:00:00.000,1.08872,1.08942,1.08688,1.08765,102673.2988
29.08.2003 05:00:00.000,1.08777,1.09226,1.08708,1.09079,102352.1992
29.08.2003 09:00:00.000,1.09095,1.09493,1.08852,1.09393,103292.1992
29.08.2003 13:00:00.000,1.09422,1.09974,1.09369,1.09651,325166.1973
29.08.2003 17:00:00.000,1.09654,1.09905,1.09592,1.09847,375419.5976
31.08.2003 21:00:00.000,1.09943,1.09953,1.0976,1.09776,94215.6992
01.09.2003 01:00:00.000,1.09744,1.10028,1.09705,1.09832,104518.5996
01.09.2003 05:00:00.000,1.09848,1.10138,1.09697,1.09819,103441.4004
01.09.2003 09:00:00.000,1.09805,1.09881,1.09517,1.09748,105781.1992
01.09.2003 13:00:00.000,1.09765,1.09842,1.09546,1.09615,320556.8027
01.09.2003 17:00:00.000,1.09614,1.09757,1.09573,1.09675,271023.0001
01.09.2003 21:00:00.000,1.09668,1.09713,1.09358,1.09402,98001.8008
02.09.2003 01:00:00.000,1.09421,1.09464,1.09272,1.09294,106142.2988
02.09.2003 05:00:00.000,1.09312,1.0943,1.08564,1.08662,105932.3008
02.09.2003 09:00:00.000,1.08642,1.08664,1.0831,1.08527,104530.7988
02.09.2003 13:00:00.000,1.08535,1.08906,1.08442,1.08569,314377.001
02.09.2003 17:00:00.000,1.08586,1.08593,1.08029,1.08079,373047.1016
02.09.2003 21:00:00.000,1.08117,1.08182,1.07672,1.07793,108057.2988
03.09.2003 01:00:00.000,1.07772,1.0801,1.07616,1.07816,110510.3984
03.09.2003 05:00:00.000,1.07811,1.08096,1.07666,1.07994,103491.3008
03.09.2003 09:00:00.000,1.08021,1.0823,1.07758,1.07865,106881.5996
03.09.2003 13:00:00.000,1.07873,1.08591,1.0785,1.08468,325612.8027
03.09.2003 17:00:00.000,1.08508,1.08725,1.08319,1.08474,375877.9023
03.09.2003 21:00:00.000,1.08495,1.08511,1.08064,1.08285,105546.1016
04.09.2003 01:00:00.000,1.08293,1.08493,1.08158,1.08322,107355.002
04.09.2003 05:00:00.000,1.08325,1.08443,1.08189,1.08329,105906.0996
04.09.2003 09:00:00.000,1.08336,1.08715,1.08089,1.08591,104968.5
04.09.2003 13:00:00.000,1.08558,1.09257,1.08552,1.09085,320680.6953
04.09.2003 17:00:00.000,1.09088,1.09505,1.09035,1.0943,372382.2968
04.09.2003 21:00:00.000,1.09444,1.09491,1.09216,1.09261,103451.0996
05.09.2003 01:00:00.000,1.09251,1.09642,1.09232,1.09588,106457.0976
05.09.2003 05:00:00.000,1.09597,1.0969,1.09294,1.09445,102593.5
05.09.2003 09:00:00.000,1.0948,1.09498,1.09159,1.09298,92679.5976
05.09.2003 13:00:00.000,1.10037,1.10941,1.0999,1.10909,324500.1075
05.09.2003 17:00:00.000,1.10911,1.11126,1.1084,1.11049,374283.1953
07.09.2003 21:00:00.000,1.11043,1.11074,1.10794,1.10991,105731.1016
08.09.2003 01:00:00.000,1.10977,1.11042,1.10746,1.10808,107464.7012
08.09.2003 05:00:00.000,1.1083,1.109,1.10504,1.10672,104048.7012
08.09.2003 09:00:00.000,1.1067,1.10995,1.10461,1.10657,106232.4004
08.09.2003 13:00:00.000,1.10652,1.11297,1.10597,1.11229,324252.4004
08.09.2003 17:00:00.000,1.11226,1.11252,1.10606,1.10649,377235.3945
08.09.2003 21:00:00.000,1.10695,1.1074,1.10524,1.10594,101637.4024
09.09.2003 01:00:00.000,1.10604,1.10996,1.10567,1.1093,106145.3008
09.09.2003 05:00:00.000,1.10947,1.11243,1.10819,1.11074,108497.3028
09.09.2003 09:00:00.000,1.11075,1.11504,1.11,1.11504,110658.2988
09.09.2003 13:00:00.000,1.11504,1.1239,1.11497,1.12233,326370.3965
09.09.2003 17:00:00.000,1.12213,1.12402,1.12182,1.12238,373268.8985
09.09.2003 21:00:00.000,1.12239,1.12318,1.1215,1.12194,106493.8984
10.09.2003 01:00:00.000,1.1221,1.12275,1.12136,1.12164,104305.7012
10.09.2003 05:00:00.000,1.12163,1.12362,1.11828,1.11855,107810
10.09.2003 09:00:00.000,1.11851,1.12107,1.1162,1.12075,108087.0996
10.09.2003 13:00:00.000,1.12098,1.12214,1.11706,1.11799,322938.6055
10.09.2003 17:00:00.000,1.11823,1.1224,1.11781,1.12076,369827.2968
10.09.2003 21:00:00.000,1.12102,1.12145,1.11741,1.11898,103453.3984
11.09.2003 01:00:00.000,1.119,1.12141,1.11821,1.12044,104597.7012
11.09.2003 05:00:00.000,1.1205,1.12705,1.12,1.12266,103668.1992
11.09.2003 09:00:00.000,1.12273,1.12517,1.11858,1.11858,106887.4004
11.09.2003 13:00:00.000,1.1185,1.12029,1.11547,1.11933,319528.5938
11.09.2003 17:00:00.000,1.11909,1.12142,1.11763,1.12089,370751.8984
11.09.2003 21:00:00.000,1.12094,1.1212,1.11782,1.11852,102203
12.09.2003 01:00:00.000,1.11855,1.11961,1.11791,1.11842,104825.8984
12.09.2003 05:00:00.000,1.11862,1.11912,1.11661,1.11697,103165
12.09.2003 09:00:00.000,1.11701,1.12603,1.11346,1.12481,107608.2012
12.09.2003 13:00:00.000,1.12497,1.13228,1.12367,1.1317,331513.3984
12.09.2003 17:00:00.000,1.13165,1.13182,1.12777,1.12913,374442.3944
14.09.2003 21:00:00.000,1.12745,1.12792,1.12512,1.12696,99242.0996
15.09.2003 01:00:00.000,1.12698,1.12857,1.1268,1.12712,104814.5996
15.09.2003 05:00:00.000,1.12723,1.1293,1.12411,1.1268,104745.7988
15.09.2003 09:00:00.000,1.12696,1.12872,1.12496,1.12649,106933.1992
15.09.2003 13:00:00.000,1.12648,1.13098,1.12644,1.13026,323061.3984
15.09.2003 17:00:00.000,1.13042,1.13087,1.12743,1.12817,367492.6992
15.09.2003 21:00:00.000,1.12841,1.12905,1.12726,1.12879,102960.0996
16.09.2003 01:00:00.000,1.12877,1.1318,1.12871,1.13061,104109.3008
16.09.2003 05:00:00.000,1.13085,1.13133,1.12353,1.12522,106136.6016
16.09.2003 09:00:00.000,1.1251,1.12558,1.12095,1.12375,105158
16.09.2003 13:00:00.000,1.1238,1.12469,1.11578,1.11658,324182.3027
16.09.2003 17:00:00.000,1.11642,1.1185,1.11538,1.11746,376619.4062
16.09.2003 21:00:00.000,1.11782,1.11821,1.11453,1.1157,97641.502
17.09.2003 01:00:00.000,1.11559,1.11687,1.11437,1.11541,106737.0996
17.09.2003 05:00:00.000,1.11552,1.11852,1.11382,1.11645,108944.9004
17.09.2003 09:00:00.000,1.11628,1.12249,1.1152,1.12077,106983.2012
17.09.2003 13:00:00.000,1.12078,1.12496,1.12064,1.12399,318501.5977
17.09.2003 17:00:00.000,1.12394,1.12997,1.12381,1.12834,375851.5038
17.09.2003 21:00:00.000,1.12843,1.12904,1.12693,1.12782,99982.6992
18.09.2003 01:00:00.000,1.12769,1.12823,1.12643,1.127,103733.6992
18.09.2003 05:00:00.000,1.127,1.12941,1.12576,1.12771,106474.1016
18.09.2003 09:00:00.000,1.12792,1.1305,1.12534,1.1293,107611.4004
18.09.2003 13:00:00.000,1.12981,1.13424,1.12264,1.12598,326200.8946
18.09.2003 17:00:00.000,1.12578,1.12648,1.12342,1.12556,375427.5
18.09.2003 21:00:00.000,1.1257,1.1257,1.12382,1.12409,99466.2988
19.09.2003 01:00:00.000,1.12411,1.12588,1.12411,1.12539,104940.498
19.09.2003 05:00:00.000,1.1254,1.12859,1.12388,1.12658,106785.6992
19.09.2003 09:00:00.000,1.12641,1.13295,1.12639,1.13077,106232
19.09.2003 13:00:00.000,1.1304,1.13749,1.12866,1.13713,319953.793
19.09.2003 17:00:00.000,1.13738,1.13837,1.13521,1.13792,376602.1992
21.09.2003 21:00:00.000,1.14343,1.14969,1.14256,1.14425,103973.5
22.09.2003 01:00:00.000,1.14398,1.14709,1.14284,1.14441,103197.7012
22.09.2003 05:00:00.000,1.1443,1.14885,1.14134,1.14778,107872.9004
22.09.2003 09:00:00.000,1.14777,1.14879,1.14396,1.14487,108644.6992
22.09.2003 13:00:00.000,1.1447,1.14951,1.14404,1.14942,320655.4043
22.09.2003 17:00:00.000,1.1495,1.15046,1.14572,1.14602,375629.5039
22.09.2003 21:00:00.000,1.14588,1.14794,1.1454,1.14636,101932.1016
23.09.2003 01:00:00.000,1.14618,1.14847,1.14618,1.14772,108619.3984
23.09.2003 05:00:00.000,1.14784,1.15243,1.14446,1.14908,105491.3008
23.09.2003 09:00:00.000,1.14907,1.14978,1.14533,1.14728,105170.4004
23.09.2003 13:00:00.000,1.14762,1.14938,1.145,1.14869,324812.5957
23.09.2003 17:00:00.000,1.14897,1.14902,1.14358,1.14404,379425.6992
23.09.2003 21:00:00.000,1.14445,1.14515,1.14273,1.14433,101523.7988
24.09.2003 01:00:00.000,1.14456,1.14628,1.14408,1.14579,103653.8008
24.09.2003 05:00:00.000,1.14593,1.14839,1.14276,1.1476,105470.2012
24.09.2003 09:00:00.000,1.14748,1.14821,1.14521,1.14625,109380.1016
24.09.2003 13:00:00.000,1.14618,1.14944,1.14372,1.1473,323412
24.09.2003 17:00:00.000,1.14722,1.15049,1.14634,1.14949,373208.8046
24.09.2003 21:00:00.000,1.14951,1.15043,1.1473,1.14777,102081.9004
25.09.2003 01:00:00.000,1.14775,1.14869,1.14693,1.1473,105739.3008
25.09.2003 05:00:00.000,1.14742,1.15029,1.14578,1.14751,107903.4004
25.09.2003 09:00:00.000,1.14767,1.15205,1.1472,1.14739,103565
25.09.2003 13:00:00.000,1.14745,1.15331,1.14629,1.14917,327319.4043
25.09.2003 17:00:00.000,1.1491,1.15026,1.1478,1.14902,377511.8984
25.09.2003 21:00:00.000,1.14896,1.14922,1.14647,1.1477,102904.4004
26.09.2003 01:00:00.000,1.1475,1.14797,1.14654,1.14709,104468.4004
26.09.2003 05:00:00.000,1.14715,1.148,1.14631,1.14696,104754.0996
26.09.2003 09:00:00.000,1.14707,1.14975,1.14404,1.14453,104988.8984
26.09.2003 13:00:00.000,1.14435,1.1493,1.14417,1.14805,322931.3965
26.09.2003 17:00:00.000,1.14785,1.14812,1.14541,1.14607,377265.203
28.09.2003 21:00:00.000,1.14558,1.14679,1.14456,1.14496,101606.1992
29.09.2003 01:00:00.000,1.14488,1.14563,1.14304,1.14445,105083.1016
29.09.2003 05:00:00.000,1.1445,1.14636,1.13941,1.14051,106517.8984
29.09.2003 09:00:00.000,1.14057,1.14395,1.14,1.14344,106994.2988
29.09.2003 13:00:00.000,1.14345,1.15956,1.14253,1.1578,323929.4922
29.09.2003 17:00:00.000,1.15787,1.16015,1.15709,1.15971,376689.8946
29.09.2003 21:00:00.000,1.1601,1.16376,1.15705,1.16049,107305.498
30.09.2003 01:00:00.000,1.16052,1.16399,1.1601,1.16241,111084.5
30.09.2003 05:00:00.000,1.16229,1.16761,1.16185,1.16634,108351.5996
30.09.2003 09:00:00.000,1.16628,1.16919,1.16486,1.16726,103946.502
30.09.2003 13:00:00.000,1.16705,1.17339,1.16306,1.16646,323195.4004
30.09.2003 17:00:00.000,1.16624,1.16712,1.16186,1.16547,377714.8985
30.09.2003 21:00:00.000,1.16585,1.16779,1.16424,1.16728,100038.0976
01.10.2003 01:00:00.000,1.16733,1.16894,1.16687,1.16721,104663.2988
01.10.2003 05:00:00.000,1.16719,1.16852,1.16534,1.16735,106707.998
01.10.2003 09:00:00.000,1.16736,1.17032,1.16595,1.16653,106355.3984
01.10.2003 13:00:00.000,1.16642,1.17217,1.16607,1.16934,328616.498
01.10.2003 17:00:00.000,1.16936,1.17288,1.16799,1.17146,372769.5977
01.10.2003 21:00:00.000,1.17193,1.17343,1.17051,1.17204,110507.1992
02.10.2003 01:00:00.000,1.17213,1.17677,1.17173,1.17532,108128.4004
02.10.2003 05:00:00.000,1.1754,1.17609,1.17099,1.17362,106549.0996
02.10.2003 09:00:00.000,1.17355,1.17389,1.16725,1.16879,106131.3984
02.10.2003 13:00:00.000,1.16888,1.17256,1.16612,1.1691,317826.8027
02.10.2003 17:00:00.000,1.16912,1.17024,1.1678,1.16926,371439.6016
02.10.2003 21:00:00.000,1.16943,1.1697,1.16712,1.16874,105198.498
03.10.2003 01:00:00.000,1.16879,1.17006,1.16806,1.16961,103910.1992
03.10.2003 05:00:00.000,1.16943,1.17205,1.16866,1.17009,104844
03.10.2003 09:00:00.000,1.16996,1.17141,1.16168,1.1617,106529.8008
03.10.2003 13:00:00.000,1.16135,1.16621,1.15583,1.15583,317693.7051
03.10.2003 17:00:00.000,1.15559,1.15841,1.155,1.1581,380438.6953
05.10.2003 21:00:00.000,1.15655,1.15962,1.15583,1.15763,98247.998
06.10.2003 01:00:00.000,1.15762,1.158,1.15518,1.15614,105978.6016
06.10.2003 05:00:00.000,1.15633,1.15926,1.15322,1.15862,106647.5996
06.10.2003 09:00:00.000,1.15862,1.16288,1.15703,1.16251,106259.7012
06.10.2003 13:00:00.000,1.16245,1.17237,1.16138,1.1709,323168.0996
06.10.2003 17:00:00.000,1.17086,1.17202,1.16919,1.17079,377737.7031
06.10.2003 21:00:00.000,1.17112,1.17216,1.16991,1.17093,105590
07.10.2003 01:00:00.000,1.17093,1.17146,1.16975,1.17114,106562.1992
07.10.2003 05:00:00.000,1.17133,1.18004,1.17072,1.17855,104930
07.10.2003 09:00:00.000,1.17848,1.17981,1.17595,1.17695,101140.7988
07.10.2003 13:00:00.000,1.17701,1.18115,1.17474,1.17741,320569.0059
07.10.2003 17:00:00.000,1.17753,1.17814,1.17534,1.1759,371780.0977
07.10.2003 21:00:00.000,1.17647,1.17892,1.17587,1.17784,103781.5
08.10.2003 01:00:00.000,1.17811,1.17916,1.17732,1.17842,104135.5
08.10.2003 05:00:00.000,1.17837,1.18396,1.17742,1.18095,103401.5996
08.10.2003 09:00:00.000,1.18096,1.18139,1.17689,1.17873,106313.8984
08.10.2003 13:00:00.000,1.17864,1.18273,1.17786,1.17941,321574.9961
08.10.2003 17:00:00.000,1.17931,1.1816,1.17881,1.18092,373113.3984
08.10.2003 21:00:00.000,1.18097,1.18423,1.18079,1.18313,101766.2012
09.10.2003 01:00:00.000,1.18303,1.18499,1.18235,1.18277,107303.9004
09.10.2003 05:00:00.000,1.18284,1.18604,1.18244,1.18429,105406.7988
09.10.2003 09:00:00.000,1.18447,1.18481,1.17228,1.1723,104992.5976
09.10.2003 13:00:00.000,1.17231,1.1755,1.1684,1.17005,327905.5977
09.10.2003 17:00:00.000,1.17004,1.17525,1.16889,1.17457,375141.3086
09.10.2003 21:00:00.000,1.17467,1.1754,1.1719,1.17209,99547.8008
10.10.2003 01:00:00.000,1.17208,1.17395,1.17093,1.17383,106068.3008
10.10.2003 05:00:00.000,1.17345,1.17487,1.17022,1.17254,106424.1016
10.10.2003 09:00:00.000,1.17256,1.1829,1.17205,1.18236,101581.3008
10.10.2003 13:00:00.000,1.18213,1.18467,1.17767,1.18038,324499.2988
10.10.2003 17:00:00.000,1.18087,1.18171,1.17928,1.17958,369305.0039
12.10.2003 21:00:00.000,1.18109,1.1815,1.18003,1.18022,93173
13.10.2003 01:00:00.000,1.1802,1.18096,1.17864,1.1791,103825.7012
13.10.2003 05:00:00.000,1.17883,1.17927,1.16565,1.1659,104734.1992
13.10.2003 09:00:00.000,1.16604,1.17282,1.16523,1.17226,106354.4004
13.10.2003 13:00:00.000,1.17253,1.17283,1.1673,1.16829,318354.0977
13.10.2003 17:00:00.000,1.1685,1.1708,1.16789,1.1703,372819.5
13.10.2003 21:00:00.000,1.1706,1.17161,1.16365,1.16394,102446.9004
14.10.2003 01:00:00.000,1.16407,1.16433,1.16053,1.16138,105195.6016
14.10.2003 05:00:00.000,1.1615,1.16584,1.15818,1.16236,104264.0996
14.10.2003 09:00:00.000,1.16254,1.16691,1.16135,1.16391,102594.3984
14.10.2003 13:00:00.000,1.16368,1.1754,1.16329,1.17521,324376.4043
14.10.2003 17:00:00.000,1.17542,1.1765,1.17118,1.17234,380511.8985
14.10.2003 21:00:00.000,1.17264,1.17432,1.17172,1.17206,103989.7988
15.10.2003 01:00:00.000,1.17223,1.17233,1.16972,1.17153,107707.5
15.10.2003 05:00:00.000,1.17157,1.1745,1.16838,1.16918,103890.5996
15.10.2003 09:00:00.000,1.1692,1.16983,1.15906,1.15909,107695.4004
15.10.2003 13:00:00.000,1.15918,1.16628,1.15916,1.16415,324940.3965
15.10.2003 17:00:00.000,1.16404,1.16588,1.16161,1.16339,372492.4024
15.10.2003 21:00:00.000,1.16378,1.16378,1.16093,1.16248,98571.4004
16.10.2003 01:00:00.000,1.16243,1.16506,1.16106,1.16438,107919.2988
16.10.2003 05:00:00.000,1.16441,1.16497,1.15734,1.16035,104398.6992
16.10.2003 09:00:00.000,1.16023,1.1647,1.15999,1.16351,104723.0996
16.10.2003 13:00:00.000,1.16344,1.16948,1.16175,1.16192,323769.5039
16.10.2003 17:00:00.000,1.16198,1.16439,1.15804,1.15873,378969.7031
16.10.2003 21:00:00.000,1.1586,1.16015,1.15723,1.1587,98485.2988
17.10.2003 01:00:00.000,1.1587,1.16124,1.15824,1.16011,105354.8008
17.10.2003 05:00:00.000,1.1601,1.16179,1.15667,1.15951,105890.2988
17.10.2003 09:00:00.000,1.15958,1.16164,1.15545,1.15647,103593.5996
17.10.2003 13:00:00.000,1.1565,1.16567,1.15526,1.16258,327433.0059
17.10.2003 17:00:00.000,1.16238,1.16843,1.16203,1.16812,369363.0038
19.10.2003 21:00:00.000,1.17098,1.17285,1.1678,1.16793,100744.4004
20.10.2003 01:00:00.000,1.1679,1.16824,1.16016,1.16226,106396.5976
20.10.2003 05:00:00.000,1.16222,1.16906,1.16127,1.16813,105324.5
20.10.2003 09:00:00.000,1.16818,1.16856,1.16074,1.16258,104667.998
20.10.2003 13:00:00.000,1.16261,1.16868,1.16152,1.16535,322677.5938
20.10.2003 17:00:00.000,1.16528,1.16676,1.16275,1.16336,374447.8046
20.10.2003 21:00:00.000,1.16362,1.16371,1.16168,1.1631,100431.6992
21.10.2003 01:00:00.000,1.16308,1.16447,1.16283,1.16338,101351.3984
21.10.2003 05:00:00.000,1.16331,1.16618,1.16278,1.16436,106448.3008
21.10.2003 09:00:00.000,1.16431,1.16621,1.16172,1.1652,104494
21.10.2003 13:00:00.000,1.1654,1.17006,1.16449,1.16761,327812.295
21.10.2003 17:00:00.000,1.16777,1.16837,1.16469,1.16671,368261.2031
21.10.2003 21:00:00.000,1.16654,1.16755,1.16477,1.16533,102965.5996
22.10.2003 01:00:00.000,1.16537,1.16769,1.16521,1.16679,106007.9004
22.10.2003 05:00:00.000,1.16683,1.17104,1.16647,1.16911,106746.0996
22.10.2003 09:00:00.000,1.16922,1.17094,1.16686,1.17055,105225.8008
22.10.2003 13:00:00.000,1.17055,1.18176,1.1704,1.17931,325355.1992
22.10.2003 17:00:00.000,1.17943,1.18265,1.17932,1.18011,373454.9063
22.10.2003 21:00:00.000,1.18021,1.1829,1.17943,1.18131,105399.2012
23.10.2003 01:00:00.000,1.18139,1.1826,1.18059,1.18128,102657.4024
23.10.2003 05:00:00.000,1.18134,1.18444,1.17959,1.18005,105001.8984
23.10.2003 09:00:00.000,1.1802,1.1814,1.17698,1.17932,104611.5
23.10.2003 13:00:00.000,1.17952,1.18058,1.17561,1.17789,325317.6075
23.10.2003 17:00:00.000,1.17786,1.17935,1.17633,1.17915,379480.3984
23.10.2003 21:00:00.000,1.17903,1.18269,1.17843,1.18079,102836.5
24.10.2003 01:00:00.000,1.18115,1.18265,1.18057,1.18156,103501.5996
24.10.2003 05:00:00.000,1.18148,1.18275,1.17704,1.17854,106302.6992
24.10.2003 09:00:00.000,1.17842,1.18079,1.17601,1.18047,103747.7012
24.10.2003 13:00:00.000,1.18048,1.18566,1.18026,1.18443,325484.9942
24.10.2003 17:00:00.000,1.18444,1.1848,1.17733,1.17797,371529.6055
26.10.2003 22:00:00.000,1.17742,1.17843,1.17634,1.177,102100.9004
27.10.2003 02:00:00.000,1.17717,1.17771,1.17176,1.17416,107585.5
27.10.2003 06:00:00.000,1.17393,1.1769,1.17288,1.1767,107522.6992
27.10.2003 10:00:00.000,1.17655,1.1782,1.17304,1.1742,106797.2012
27.10.2003 14:00:00.000,1.1744,1.1779,1.17282,1.17644,412697
27.10.2003 18:00:00.000,1.17641,1.17671,1.17315,1.1744,285216.6991
27.10.2003 22:00:00.000,1.17441,1.17507,1.17022,1.17044,102017.7012
28.10.2003 02:00:00.000,1.17028,1.17279,1.17006,1.17076,105375.7988
28.10.2003 06:00:00.000,1.17075,1.17394,1.17,1.17202,104701.4004
28.10.2003 10:00:00.000,1.1721,1.17299,1.16581,1.16724,108177.3984
28.10.2003 14:00:00.000,1.16708,1.17009,1.16671,1.16736,407504.0938
28.10.2003 18:00:00.000,1.16737,1.17266,1.16548,1.16704,286725.9043
28.10.2003 22:00:00.000,1.16701,1.16942,1.16595,1.16866,102345.9024
29.10.2003 02:00:00.000,1.16877,1.1698,1.1678,1.16938,100719.6016
29.10.2003 06:00:00.000,1.16924,1.1718,1.16883,1.17046,105658.1016
29.10.2003 10:00:00.000,1.1705,1.17176,1.16786,1.16954,107356.7988
29.10.2003 14:00:00.000,1.16947,1.17108,1.16698,1.16772,412780.3946
29.10.2003 18:00:00.000,1.16769,1.16809,1.16584,1.16618,286647.0977
29.10.2003 22:00:00.000,1.16602,1.16704,1.16569,1.16618,104613.3984
30.10.2003 02:00:00.000,1.16597,1.16811,1.16582,1.16764,101448.0996
30.10.2003 06:00:00.000,1.16746,1.16809,1.16598,1.16739,105971.1992
30.10.2003 10:00:00.000,1.16739,1.17542,1.16735,1.17141,108321.8008
30.10.2003 14:00:00.000,1.1714,1.17143,1.16302,1.16312,414924.9903
30.10.2003 18:00:00.000,1.16312,1.16409,1.1616,1.16225,284669.8984
30.10.2003 22:00:00.000,1.16228,1.16311,1.16099,1.16188,102417.1016
31.10.2003 02:00:00.000,1.16185,1.16277,1.16097,1.1611,102623.3984
31.10.2003 06:00:00.000,1.16125,1.1644,1.16069,1.16334,105564.9004
31.10.2003 10:00:00.000,1.16343,1.16462,1.16098,1.16423,102856.8008
31.10.2003 14:00:00.000,1.16418,1.16557,1.1579,1.15903,412048.5039
31.10.2003 18:00:00.000,1.15884,1.1598,1.15628,1.15877,288619.7969
02.11.2003 22:00:00.000,1.15778,1.15878,1.15666,1.1572,100157.8008
03.11.2003 02:00:00.000,1.15753,1.15817,1.15676,1.15814,99179.3984
03.11.2003 06:00:00.000,1.15797,1.15932,1.15631,1.15829,105835.4004
03.11.2003 10:00:00.000,1.15815,1.16192,1.15735,1.1593,100231.4004
03.11.2003 14:00:00.000,1.15953,1.1606,1.14275,1.14549,410682.3984
03.11.2003 18:00:00.000,1.14562,1.1469,1.14428,1.14554,290575.1992
03.11.2003 22:00:00.000,1.14573,1.14689,1.14381,1.1442,104735.1016
04.11.2003 02:00:00.000,1.14445,1.14509,1.14262,1.145,104770.0996
04.11.2003 06:00:00.000,1.14503,1.14648,1.14363,1.14534,103978.3008
04.11.2003 10:00:00.000,1.1454,1.14866,1.14521,1.14693,106295
04.11.2003 14:00:00.000,1.14692,1.15122,1.14642,1.15013,413097.3984
04.11.2003 18:00:00.000,1.15004,1.15049,1.14871,1.14933,284926.6992
04.11.2003 22:00:00.000,1.14921,1.1497,1.14637,1.14741,103297.5996
05.11.2003 02:00:00.000,1.1473,1.14894,1.14695,1.14847,105144.6972
05.11.2003 06:00:00.000,1.14826,1.1498,1.14402,1.14592,106066.6016
05.11.2003 10:00:00.000,1.14605,1.14819,1.14426,1.14542,107602.7012
05.11.2003 14:00:00.000,1.14542,1.14951,1.1413,1.14585,411814.8047
05.11.2003 18:00:00.000,1.14571,1.14636,1.14184,1.14378,291963.1973
05.11.2003 22:00:00.000,1.14391,1.14404,1.14178,1.1424,103182.6992
06.11.2003 02:00:00.000,1.14245,1.14487,1.14235,1.14448,103580.5
06.11.2003 06:00:00.000,1.14461,1.14629,1.14338,1.14524,105637.3984
06.11.2003 10:00:00.000,1.1454,1.14627,1.13886,1.14048,105534.498
06.11.2003 14:00:00.000,1.14035,1.14483,1.13943,1.14137,414421.7032
06.11.2003 18:00:00.000,1.14142,1.14236,1.14019,1.14153,288629.8964
06.11.2003 22:00:00.000,1.14165,1.14238,1.14044,1.14213,106030.7988
07.11.2003 02:00:00.000,1.1422,1.14309,1.14069,1.14124,105637.8008
07.11.2003 06:00:00.000,1.14133,1.14283,1.14114,1.14176,107189.7012
07.11.2003 10:00:00.000,1.14175,1.14376,1.13783,1.13861,108808.2988
07.11.2003 14:00:00.000,1.13834,1.15277,1.13825,1.15175,409444.0079
07.11.2003 18:00:00.000,1.1517,1.15428,1.15013,1.15295,290364.2989
09.11.2003 22:00:00.000,1.15034,1.15256,1.14946,1.15222,102015.7988
10.11.2003 02:00:00.000,1.15233,1.15265,1.15101,1.15215,98827.2988
10.11.2003 06:00:00.000,1.15224,1.15352,1.14864,1.14951,103018.7012
10.11.2003 10:00:00.000,1.1495,1.14954,1.14663,1.14842,107357.4004
10.11.2003 14:00:00.000,1.14841,1.15251,1.14759,1.14967,405170.1973
10.11.2003 18:00:00.000,1.1497,1.15075,1.14627,1.14797,287727.8984
10.11.2003 22:00:00.000,1.14798,1.14818,1.14431,1.14759,109340.1992
11.11.2003 02:00:00.000,1.14729,1.14834,1.14667,1.14773,101812.5996
11.11.2003 06:00:00.000,1.1478,1.15057,1.14542,1.15,105980.1992
11.11.2003 10:00:00.000,1.14963,1.15105,1.14839,1.14967,107041
11.11.2003 14:00:00.000,1.14943,1.15304,1.14899,1.15065,412161.8027
11.11.2003 18:00:00.000,1.15076,1.15237,1.15001,1.152,286864.5058
11.11.2003 22:00:00.000,1.1521,1.1528,1.1503,1.1527,100275.4004
12.11.2003 02:00:00.000,1.15275,1.15824,1.15194,1.15615,107797.1992
12.11.2003 06:00:00.000,1.15633,1.15895,1.15555,1.1575,106010.8984
12.11.2003 10:00:00.000,1.15754,1.1617,1.15738,1.1589,107714.998
12.11.2003 14:00:00.000,1.159,1.16599,1.15892,1.16532,413263.4062
12.11.2003 18:00:00.000,1.1651,1.16548,1.16252,1.16284,288796.1953
12.11.2003 22:00:00.000,1.16328,1.16552,1.16251,1.16449,106313.498
13.11.2003 02:00:00.000,1.16447,1.16577,1.16379,1.16526,103083.8984
13.11.2003 06:00:00.000,1.16533,1.17005,1.16381,1.16862,105941
13.11.2003 10:00:00.000,1.1687,1.17265,1.16705,1.17106,106710.5
13.11.2003 14:00:00.000,1.17115,1.17362,1.16903,1.16966,407879.2031
13.11.2003 18:00:00.000,1.16979,1.1738,1.16963,1.17322,292794.9961
13.11.2003 22:00:00.000,1.17325,1.17518,1.17271,1.17461,107169.7012
14.11.2003 02:00:00.000,1.17469,1.17985,1.17417,1.17873,106268.1992
14.11.2003 06:00:00.000,1.1787,1.17971,1.17692,1.17806,108589.8008
14.11.2003 10:00:00.000,1.17775,1.17919,1.1732,1.17401,109884.0996
14.11.2003 14:00:00.000,1.17425,1.1802,1.17332,1.17494,407725.8008
14.11.2003 18:00:00.000,1.17503,1.17853,1.17405,1.17758,288085.1036
16.11.2003 22:00:00.000,1.17764,1.18485,1.17764,1.18091,106719.2012
17.11.2003 02:00:00.000,1.18093,1.18278,1.17876,1.17933,107050.9004
17.11.2003 06:00:00.000,1.17911,1.18287,1.17729,1.18247,104209.7012
17.11.2003 10:00:00.000,1.18262,1.18376,1.17919,1.18058,107785.4004
17.11.2003 14:00:00.000,1.18067,1.18106,1.17245,1.17381,411190.6954
17.11.2003 18:00:00.000,1.17373,1.1775,1.17314,1.17471,283360
17.11.2003 22:00:00.000,1.17479,1.17704,1.17327,1.17666,108569.7012
18.11.2003 02:00:00.000,1.17645,1.17887,1.1763,1.17719,106008.4004
18.11.2003 06:00:00.000,1.17717,1.17908,1.17529,1.17631,110781.2012
18.11.2003 10:00:00.000,1.17628,1.17891,1.17334,1.17804,110822.5
18.11.2003 14:00:00.000,1.17788,1.19109,1.1771,1.19006,406887.6954
18.11.2003 18:00:00.000,1.1898,1.19738,1.18949,1.1971,287720.9961
18.11.2003 22:00:00.000,1.19696,1.19772,1.19446,1.19478,108254.5
19.11.2003 02:00:00.000,1.19479,1.19673,1.19385,1.19585,108076.1016
19.11.2003 06:00:00.000,1.19578,1.19704,1.19111,1.19251,105138.8008
19.11.2003 10:00:00.000,1.19262,1.19333,1.18967,1.19194,104251.0996
19.11.2003 14:00:00.000,1.19159,1.19498,1.18854,1.19023,405616.3008
19.11.2003 18:00:00.000,1.19015,1.1908,1.18733,1.18758,289099.996
19.11.2003 22:00:00.000,1.1875,1.19169,1.18711,1.19112,107263.0996
20.11.2003 02:00:00.000,1.19142,1.19218,1.18959,1.19089,109173
20.11.2003 06:00:00.000,1.19091,1.19422,1.18951,1.192,107055.7988
20.11.2003 10:00:00.000,1.19207,1.1939,1.19032,1.19328,109983.998
20.11.2003 14:00:00.000,1.1931,1.19556,1.18844,1.1892,416292.7031
20.11.2003 18:00:00.000,1.18906,1.19241,1.18817,1.19111,292710.7011
20.11.2003 22:00:00.000,1.19127,1.19185,1.18812,1.18868,107080.6992
21.11.2003 02:00:00.000,1.18885,1.19109,1.18768,1.18867,104866.9004
21.11.2003 06:00:00.000,1.18862,1.19063,1.18789,1.18791,109104.6992
21.11.2003 10:00:00.000,1.18787,1.19184,1.18567,1.19146,106131.9004
21.11.2003 14:00:00.000,1.19125,1.19379,1.18972,1.19142,403759.7988
21.11.2003 18:00:00.000,1.19128,1.19227,1.19073,1.19152,285811.4024
23.11.2003 22:00:00.000,1.19084,1.19177,1.19014,1.19123,94720
24.11.2003 02:00:00.000,1.19129,1.19161,1.19004,1.19045,98047.3008
24.11.2003 06:00:00.000,1.19058,1.19164,1.17805,1.17807,105733.5
24.11.2003 10:00:00.000,1.17802,1.18265,1.17793,1.18141,110920.1992
24.11.2003 14:00:00.000,1.1816,1.183,1.17565,1.17637,405322.711
24.11.2003 18:00:00.000,1.17652,1.17782,1.17583,1.177,289006.9024
24.11.2003 22:00:00.000,1.17718,1.17885,1.17578,1.17792,106276
25.11.2003 02:00:00.000,1.17792,1.18071,1.17747,1.17987,104877.5
25.11.2003 06:00:00.000,1.17992,1.18185,1.17698,1.17737,106425.4004
25.11.2003 10:00:00.000,1.17733,1.18112,1.17519,1.18032,104681.5996
25.11.2003 14:00:00.000,1.18011,1.18158,1.17683,1.17931,410056.9004
25.11.2003 18:00:00.000,1.17933,1.18011,1.17761,1.17899,287822.9981
25.11.2003 22:00:00.000,1.17902,1.18012,1.17686,1.17925,104582.9004
26.11.2003 02:00:00.000,1.17924,1.18182,1.17919,1.17972,103125.5996
26.11.2003 06:00:00.000,1.17991,1.18462,1.17952,1.1834,104157.2988
26.11.2003 10:00:00.000,1.18364,1.18383,1.17951,1.18055,105100.2988
26.11.2003 14:00:00.000,1.18079,1.19475,1.1805,1.19168,409277.9981
26.11.2003 18:00:00.000,1.19176,1.19443,1.19164,1.194,290586.2969
26.11.2003 22:00:00.000,1.19392,1.19411,1.19188,1.19217,111241.6992
27.11.2003 02:00:00.000,1.19212,1.19376,1.19142,1.19321,106577.8984
27.11.2003 06:00:00.000,1.19341,1.19356,1.18934,1.19143,107786.2988
27.11.2003 10:00:00.000,1.19165,1.19178,1.1891,1.18941,106197.1992
27.11.2003 14:00:00.000,1.18942,1.19099,1.18831,1.18965,413333.8926
27.11.2003 18:00:00.000,1.18973,1.1911,1.18862,1.19071,280177.3965
27.11.2003 22:00:00.000,1.19068,1.19215,1.19047,1.19069,106573.7012
28.11.2003 02:00:00.000,1.1906,1.19297,1.18972,1.19281,106285.1972
28.11.2003 06:00:00.000,1.19279,1.19891,1.19111,1.19775,105763.4004
